0, 0, 0, 2.24179e-24, 

0.001, 0, 0, 2.27636e-24, 

0.002, 0, 0, 2.38113e-24, 

0.003, 0, 0, 2.55924e-24, 

0.004, 0, 0, 2.81605e-24, 

0.005, 0, 0, 3.15929e-24, 

0.006, 0, 0, 3.59926e-24, 

0.007, 0, 0, 4.14915e-24, 

0.008, 0, 0, 4.82546e-24, 

0.009, 0, 0, 5.6484e-24, 

0.01, 0, 0, 6.64254e-24, 

0.011, 0, 0, 7.83754e-24, 

0.012, 0, 0, 9.26895e-24, 

0.013, 0, 0, 1.09793e-23, 

0.014, 0, 0, 1.30192e-23, 

0.015, 0, 0, 1.54491e-23, 

0.016, 0, 0, 1.83407e-23, 

0.017, 0, 0, 2.1779e-23, 

0.018, 0, 0, 2.58653e-23, 

0.019, 0, 0, 3.07193e-23, 

0.02, 0, 0, 3.6483e-23, 

0.021, 0, 0, 4.33247e-23, 

0.022, 0, 0, 5.14436e-23, 

0.023, 0, 0, 6.10757e-23, 

0.024, 0, 0, 7.25003e-23, 

0.025, 0, 0, 8.60478e-23, 

0.026, 0, 0, 1.02109e-22, 

0.027, 0, 0, 1.21147e-22, 

0.028, 0, 0, 1.43708e-22, 

0.029, 0, 0, 1.70439e-22, 

0.03, 0, 0, 2.02104e-22, 

0.031, 0, 0, 2.39606e-22, 

0.032, 0, 0, 2.84012e-22, 

0.033, 0, 0, 3.36584e-22, 

0.034, 0, 0, 3.98809e-22, 

0.035, 0, 0, 4.72446e-22, 

0.036, 0, 0, 5.5957e-22, 

0.037, 0, 0, 6.62631e-22, 

0.038, 0, 0, 7.8452e-22, 

0.039, 0, 0, 9.28647e-22, 

0.04, 0, 0, 1.09903e-21, 

0.041, 0, 0, 1.30043e-21, 

0.042, 0, 0, 1.53842e-21, 

0.043, 0, 0, 1.8196e-21, 

0.044, 0, 0, 2.15175e-21, 

0.045, 0, 0, 2.54402e-21, 

0.046, 0, 0, 3.00719e-21, 

0.047, 0, 0, 3.55398e-21, 

0.048, 0, 0, 4.19934e-21, 

0.049, 0, 0, 4.96089e-21, 

0.05, 0, 0, 5.85937e-21, 

0.051, 0, 0, 6.91916e-21, 

0.052, 0, 0, 8.16897e-21, 

0.053, 0, 0, 9.64257e-21, 

0.054, 0, 0, 1.13797e-20, 

0.055, 0, 0, 1.34269e-20, 

0.056, 0, 0, 1.58393e-20, 

0.057, 0, 0, 1.86812e-20, 

0.058, 0, 0, 2.20285e-20, 

0.059, 0, 0, 2.59701e-20, 

0.06, 0, 0, 3.06107e-20, 

0.061, 0, 0, 3.6073e-20, 

0.062, 0, 0, 4.25011e-20, 

0.063, 0, 0, 5.00643e-20, 

0.064, 0, 0, 5.8961e-20, 

0.065, 0, 0, 6.94242e-20, 

0.066, 0, 0, 8.17269e-20, 

0.067, 0, 0, 9.61895e-20, 

0.068, 0, 0, 1.13187e-19, 

0.069, 0, 0, 1.33161e-19, 

0.07, 0, 0, 1.56626e-19, 

0.071, 0, 0, 1.84186e-19, 

0.072, 0, 0, 2.1655e-19, 

0.073, 0, 0, 2.54546e-19, 

0.074, 0, 0, 2.99145e-19, 

0.075, 0, 0, 3.51482e-19, 

0.076, 0, 0, 4.12886e-19, 

0.077, 0, 0, 4.84914e-19, 

0.078, 0, 0, 5.69383e-19, 

0.079, 0, 0, 6.6842e-19, 

0.08, 0, 0, 7.84514e-19, 

0.081, 0, 0, 9.2057e-19, 

0.082, 0, 0, 1.07999e-18, 

0.083, 0, 0, 1.26673e-18, 

0.084, 0, 0, 1.48544e-18, 

0.085, 0, 0, 1.74152e-18, 

0.086, 0, 0, 2.0413e-18, 

0.087, 0, 0, 2.39216e-18, 

0.088, 0, 0, 2.80269e-18, 

0.089, 0, 0, 3.28296e-18, 

0.09, 0, 0, 3.84466e-18, 

0.091, 0, 0, 4.50145e-18, 

0.092, 0, 0, 5.26927e-18, 

0.093, 0, 0, 6.16668e-18, 

0.094, 0, 0, 7.21529e-18, 

0.095, 0, 0, 8.4403e-18, 

0.096, 0, 0, 9.87107e-18, 

0.097, 0, 0, 1.15417e-17, 

0.098, 0, 0, 1.34921e-17, 

0.099, 0, 0, 1.57685e-17, 

0.1, 0, 0, 1.84247e-17, 

0.101, 0, 0, 2.15234e-17, 

0.102, 0, 0, 2.51375e-17, 

0.103, 0, 0, 2.93517e-17, 

0.104, 0, 0, 3.42644e-17, 

0.105, 0, 0, 3.99902e-17, 

0.106, 0, 0, 4.6662e-17, 

0.107, 0, 0, 5.44342e-17, 

0.108, 0, 0, 6.34861e-17, 

0.109, 0, 0, 7.4026e-17, 

0.11, 0, 0, 8.62955e-17, 

0.111, 0, 0, 1.00575e-16, 

0.112, 0, 0, 1.1719e-16, 

0.113, 0, 0, 1.36517e-16, 

0.114, 0, 0, 1.58994e-16, 

0.115, 0, 0, 1.85128e-16, 

0.116, 0, 0, 2.15506e-16, 

0.117, 0, 0, 2.5081e-16, 

0.118, 0, 0, 2.91827e-16, 

0.119, 0, 0, 3.3947e-16, 

0.12, 0, 0, 3.94797e-16, 

0.121, 0, 0, 4.59031e-16, 

0.122, 0, 0, 5.33587e-16, 

0.123, 0, 0, 6.20102e-16, 

0.124, 0, 0, 7.2047e-16, 

0.125, 0, 0, 8.36879e-16, 

0.126, 0, 0, 9.7186e-16, 

0.127, 0, 0, 1.12834e-15, 

0.128, 0, 0, 1.30969e-15, 

0.129, 0, 0, 1.51981e-15, 

0.13, 0, 0, 1.76321e-15, 

0.131, 0, 0, 2.04509e-15, 

0.132, 0, 0, 2.37145e-15, 

0.133, 0, 0, 2.7492e-15, 

0.134, 0, 0, 3.18634e-15, 

0.135, 0, 0, 3.69206e-15, 

0.136, 0, 0, 4.27698e-15, 

0.137, 0, 0, 4.95332e-15, 

0.138, 0, 0, 5.73518e-15, 

0.139, 0, 0, 6.63878e-15, 

0.14, 0, 0, 7.68281e-15, 

0.141, 0, 0, 8.88878e-15, 

0.142, 0, 0, 1.02814e-14, 

0.143, 0, 0, 1.18893e-14, 

0.144, 0, 0, 1.3745e-14, 

0.145, 0, 0, 1.58864e-14, 

0.146, 0, 0, 1.83567e-14, 

0.147, 0, 0, 2.12057e-14, 

0.148, 0, 0, 2.44905e-14, 

0.149, 0, 0, 2.82769e-14, 

0.15, 0, 0, 3.26402e-14, 

0.151, 0, 0, 3.7667e-14, 

0.152, 0, 0, 4.34568e-14, 

0.153, 0, 0, 5.01233e-14, 

0.154, 0, 0, 5.77976e-14, 

0.155, 0, 0, 6.66293e-14, 

0.156, 0, 0, 7.67904e-14, 

0.157, 0, 0, 8.84778e-14, 

0.158, 0, 0, 1.01917e-13, 

0.159, 0, 0, 1.17367e-13, 

0.16, 0, 0, 1.35123e-13, 

0.161, 0, 0, 1.55524e-13, 

0.162, 0, 0, 1.78957e-13, 

0.163, 0, 0, 2.05866e-13, 

0.164, 0, 0, 2.36758e-13, 

0.165, 0, 0, 2.72213e-13, 

0.166, 0, 0, 3.12893e-13, 

0.167, 0, 0, 3.59555e-13, 

0.168, 0, 0, 4.13064e-13, 

0.169, 0, 0, 4.74408e-13, 

0.17, 0, 0, 5.44714e-13, 

0.171, 0, 0, 6.2527e-13, 

0.172, 0, 0, 7.17542e-13, 

0.173, 0, 0, 8.23206e-13, 

0.174, 0, 0, 9.44171e-13, 

0.175, 0, 0, 1.08261e-12, 

0.176, 0, 0, 1.24101e-12, 

0.177, 0, 0, 1.4222e-12, 

0.178, 0, 0, 1.62938e-12, 

0.179, 0, 0, 1.86623e-12, 

0.18, 0, 0, 2.13691e-12, 

0.181, 0, 0, 2.44617e-12, 

0.182, 0, 0, 2.7994e-12, 

0.183, 0, 0, 3.20275e-12, 

0.184, 0, 0, 3.66317e-12, 

0.185, 0, 0, 4.18861e-12, 

0.186, 0, 0, 4.78807e-12, 

0.187, 0, 0, 5.47176e-12, 

0.188, 0, 0, 6.25131e-12, 

0.189, 0, 0, 7.13989e-12, 

0.19, 0, 0, 8.15245e-12, 

0.191, 0, 0, 9.30595e-12, 

0.192, 0, 0, 1.06196e-11, 

0.193, 0, 0, 1.21152e-11, 

0.194, 0, 0, 1.38175e-11, 

0.195, 0, 0, 1.57544e-11, 

0.196, 0, 0, 1.79577e-11, 

0.197, 0, 0, 2.04631e-11, 

0.198, 0, 0, 2.33113e-11, 

0.199, 0, 0, 2.65482e-11, 

0.2, 0, 0, 3.02257e-11, 

0.201, 0, 0, 3.44026e-11, 

0.202, 0, 0, 3.91452e-11, 

0.203, 0, 0, 4.45284e-11, 

0.204, 0, 0, 5.06371e-11, 

0.205, 0, 0, 5.75667e-11, 

0.206, 0, 0, 6.54252e-11, 

0.207, 0, 0, 7.43344e-11, 

0.208, 0, 0, 8.44317e-11, 

0.209, 0, 0, 9.5872e-11, 

0.21, 0, 0, 1.0883e-10, 

0.211, 0, 0, 1.23502e-10, 

0.212, 0, 0, 1.4011e-10, 

0.213, 0, 0, 1.58903e-10, 

0.214, 0, 0, 1.80163e-10, 

0.215, 0, 0, 2.04206e-10, 

0.216, 0, 0, 2.31386e-10, 

0.217, 0, 0, 2.62105e-10, 

0.218, 0, 0, 2.96811e-10, 

0.219, 0, 0, 3.3601e-10, 

0.22, 0, 0, 3.8027e-10, 

0.221, 0, 0, 4.30227e-10, 

0.222, 0, 0, 4.86598e-10, 

0.223, 0, 0, 5.50185e-10, 

0.224, 0, 0, 6.21888e-10, 

0.225, 0, 0, 7.02719e-10, 

0.226, 0, 0, 7.93809e-10, 

0.227, 0, 0, 8.96427e-10, 

0.228, 0, 0, 1.01199e-09, 

0.229, 0, 0, 1.1421e-09, 

0.23, 0, 0, 1.28854e-09, 

0.231, 0, 0, 1.45329e-09, 

0.232, 0, 0, 1.63858e-09, 

0.233, 0, 0, 1.84693e-09, 

0.234, 0, 0, 2.0811e-09, 

0.235, 0, 0, 2.34421e-09, 

0.236, 0, 0, 2.63976e-09, 

0.237, 0, 0, 2.97162e-09, 

0.238, 0, 0, 3.34412e-09, 

0.239, 0, 0, 3.76212e-09, 

0.24, 0, 0, 4.23101e-09, 

0.241, 0, 0, 4.7568e-09, 

0.242, 0, 0, 5.34621e-09, 

0.243, 0, 0, 6.00671e-09, 

0.244, 0, 0, 6.74663e-09, 

0.245, 0, 0, 7.57523e-09, 

0.246, 0, 0, 8.50283e-09, 

0.247, 0, 0, 9.5409e-09, 

0.248, 0, 0, 1.07022e-08, 

0.249, 0, 0, 1.20009e-08, 

0.25, 0, 0, 1.34528e-08, 

0.251, 0, 0, 1.50754e-08, 

0.252, 0, 0, 1.68881e-08, 

0.253, 0, 0, 1.89125e-08, 

0.254, 0, 0, 2.11726e-08, 

0.255, 0, 0, 2.36949e-08, 

0.256, 0, 0, 2.65089e-08, 

0.257, 0, 0, 2.96471e-08, 

0.258, 0, 0, 3.31457e-08, 

0.259, 0, 0, 3.70449e-08, 

0.26, 0, 0, 4.13887e-08, 

0.261, 0, 0, 4.62264e-08, 

0.262, 0, 0, 5.16121e-08, 

0.263, 0, 0, 5.76057e-08, 

0.264, 0, 0, 6.42737e-08, 

0.265, 0, 0, 7.1689e-08, 

0.266, 0, 0, 7.99327e-08, 

0.267, 0, 0, 8.9094e-08, 

0.268, 0, 0, 9.92712e-08, 

0.269, 0, 0, 1.10573e-07, 

0.27, 0, 0, 1.2312e-07, 

0.271, 0, 0, 1.37042e-07, 

0.272, 0, 0, 1.52487e-07, 

0.273, 0, 0, 1.69613e-07, 

0.274, 0, 0, 1.88598e-07, 

0.275, 0, 0, 2.09635e-07, 

0.276, 0, 0, 2.32938e-07, 

0.277, 0, 0, 2.5874e-07, 

0.278, 0, 0, 2.873e-07, 

0.279, 0, 0, 3.18902e-07, 

0.28, 0, 0, 3.53854e-07, 

0.281, 0, 0, 3.925e-07, 

0.282, 0, 0, 4.35213e-07, 

0.283, 0, 0, 4.82404e-07, 

0.284, 0, 0, 5.34523e-07, 

0.285, 0, 0, 5.92062e-07, 

0.286, 0, 0, 6.55563e-07, 

0.287, 0, 0, 7.25616e-07, 

0.288, 0, 0, 8.02868e-07, 

0.289, 0, 0, 8.88027e-07, 

0.29, 0, 0, 9.81867e-07, 

0.291, 0, 0, 1.08523e-06, 

0.292, 0, 0, 1.19905e-06, 

0.293, 0, 0, 1.32433e-06, 

0.294, 0, 0, 1.46217e-06, 

0.295, 0, 0, 1.61377e-06, 

0.296, 0, 0, 1.78044e-06, 

0.297, 0, 0, 1.96362e-06, 

0.298, 0, 0, 2.16485e-06, 

0.299, 0, 0, 2.38583e-06, 

0.3, 0, 0, 2.62841e-06, 

0.301, 0, 0, 2.8946e-06, 

0.302, 0, 0, 3.18657e-06, 

0.303, 0, 0, 3.50671e-06, 

0.304, 0, 0, 3.85758e-06, 

0.305, 0, 0, 4.242e-06, 

0.306, 0, 0, 4.663e-06, 

0.307, 0, 0, 5.12389e-06, 

0.308, 0, 0, 5.62825e-06, 

0.309, 0, 0, 6.17994e-06, 

0.31, 0, 0, 6.7832e-06, 

0.311, 0, 0, 7.44255e-06, 

0.312, 0, 0, 8.16295e-06, 

0.313, 0, 0, 8.94973e-06, 

0.314, 0, 0, 9.80866e-06, 

0.315, 0, 0, 1.0746e-05, 

0.316, 0, 0, 1.17684e-05, 

0.317, 0, 0, 1.28833e-05, 

0.318, 0, 0, 1.40985e-05, 

0.319, 0, 0, 1.54225e-05, 

0.32, 0, 0, 1.68643e-05, 

0.321, 0, 0, 1.8434e-05, 

0.322, 0, 0, 2.01421e-05, 

0.323, 0, 0, 2.20001e-05, 

0.324, 0, 0, 2.40203e-05, 

0.325, 0, 0, 2.6216e-05, 

0.326, 0, 0, 2.86015e-05, 

0.327, 0, 0, 3.1192e-05, 

0.328, 0, 0, 3.4004e-05, 

0.329, 0, 0, 3.70553e-05, 

0.33, 0, 0, 4.03649e-05, 

0.331, 0, 0, 4.3953e-05, 

0.332, 0, 0, 4.78416e-05, 

0.333, 0, 0, 5.2054e-05, 

0.334, 0, 0, 5.66153e-05, 

0.335, 0, 0, 6.15523e-05, 

0.336, 0, 0, 6.68938e-05, 

0.337, 0, 0, 7.26705e-05, 

0.338, 0, 0, 7.89152e-05, 

0.339, 0, 0, 8.5663e-05, 

0.34, 0, 0, 9.29513e-05, 

0.341, 0, 0, 0.00010082, 

0.342, 0, 0, 0.000109312, 

0.343, 0, 0, 0.000118473, 

0.344, 0, 0, 0.00012835, 

0.345, 0, 0, 0.000138997, 

0.346, 0, 0, 0.000150466, 

0.347, 0, 0, 0.000162818, 

0.348, 0, 0, 0.000176114, 

0.349, 0, 0, 0.00019042, 

0.35, 0, 0, 0.000205807, 

0.351, 0, 0, 0.000222348, 

0.352, 0, 0, 0.000240122, 

0.353, 0, 0, 0.000259214, 

0.354, 0, 0, 0.000279713, 

0.355, 0, 0, 0.000301711, 

0.356, 0, 0, 0.000325309, 

0.357, 0, 0, 0.000350612, 

0.358, 0, 0, 0.000377731, 

0.359, 0, 0, 0.000406784, 

0.36, 0, 0, 0.000437895, 

0.361, 0, 0, 0.000471196, 

0.362, 0, 0, 0.000506824, 

0.363, 0, 0, 0.000544926, 

0.364, 0, 0, 0.000585655, 

0.365, 0, 0, 0.000629174, 

0.366, 0, 0, 0.000675652, 

0.367, 0, 0, 0.000725269, 

0.368, 0, 0, 0.000778213, 

0.369, 0, 0, 0.000834683, 

0.37, 0, 0, 0.000894885, 

0.371, 0, 0, 0.000959039, 

0.372, 0, 0, 0.00102737, 

0.373, 0, 0, 0.00110012, 

0.374, 0, 0, 0.00117755, 

0.375, 0, 0, 0.0012599, 

0.376, 0, 0, 0.00134747, 

0.377, 0, 0, 0.00144053, 

0.378, 0, 0, 0.00153938, 

0.379, 0, 0, 0.00164434, 

0.38, 0, 0, 0.00175574, 

0.381, 0, 0, 0.00187391, 

0.382, 0, 0, 0.00199921, 

0.383, 0, 0, 0.00213201, 

0.384, 0, 0, 0.0022727, 

0.385, 0, 0, 0.00242167, 

0.386, 0, 0, 0.00257934, 

0.387, 0, 0, 0.00274615, 

0.388, 0, 0, 0.00292253, 

0.389, 0, 0, 0.00310895, 

0.39, 0, 0, 0.0033059, 

0.391, 0, 0, 0.00351387, 

0.392, 0, 0, 0.00373337, 

0.393, 0, 0, 0.00396495, 

0.394, 0, 0, 0.00420914, 

0.395, 0, 0, 0.00446651, 

0.396, 0, 0, 0.00473766, 

0.397, 0, 0, 0.00502319, 

0.398, 0, 0, 0.00532371, 

0.399, 0, 0, 0.00563986, 

0.4, 0, 0, 0.00597231, 

0.401, 0, 0, 0.00632173, 

0.402, 0, 0, 0.00668881, 

0.403, 0, 0, 0.00707426, 

0.404, 0, 0, 0.00747882, 

0.405, 0, 0, 0.00790322, 

0.406, 0, 0, 0.00834823, 

0.407, 0, 0, 0.00881463, 

0.408, 0, 0, 0.00930322, 

0.409, 0, 0, 0.00981481, 

0.41, 0, 0, 0.0103502, 

0.411, 0, 0, 0.0109103, 

0.412, 0, 0, 0.0114959, 

0.413, 0, 0, 0.0121079, 

0.414, 0, 0, 0.0127472, 

0.415, 0, 0, 0.0134147, 

0.416, 0, 0, 0.0141112, 

0.417, 0, 0, 0.0148378, 

0.418, 0, 0, 0.0155952, 

0.419, 0, 0, 0.0163846, 

0.42, 0, 0, 0.0172067, 

0.421, 0, 0, 0.0180627, 

0.422, 0, 0, 0.0189533, 

0.423, 0, 0, 0.0198796, 

0.424, 0, 0, 0.0208426, 

0.425, 0, 0, 0.0218431, 

0.426, 0, 0, 0.0228822, 

0.427, 0, 0, 0.0239609, 

0.428, 0, 0, 0.02508, 

0.429, 0, 0, 0.0262406, 

0.43, 0, 0, 0.0274436, 

0.431, 0, 0, 0.0286899, 

0.432, 0, 0, 0.0299805, 

0.433, 0, 0, 0.0313162, 

0.434, 0, 0, 0.032698, 

0.435, 0, 0, 0.0341268, 

0.436, 0, 0, 0.0356035, 

0.437, 0, 0, 0.0371288, 

0.438, 0, 0, 0.0387036, 

0.439, 0, 0, 0.0403288, 

0.44, 0, 0, 0.0420051, 

0.441, 0, 0, 0.0437333, 

0.442, 0, 0, 0.0455141, 

0.443, 0, 0, 0.0473481, 

0.444, 0, 0, 0.0492361, 

0.445, 0, 0, 0.0511787, 

0.446, 0, 0, 0.0531765, 

0.447, 0, 0, 0.0552299, 

0.448, 0, 0, 0.0573396, 

0.449, 0, 0, 0.059506, 

0.45, 0, 0, 0.0617294, 

0.451, 0, 0, 0.0640103, 

0.452, 0, 0, 0.066349, 

0.453, 0, 0, 0.0687458, 

0.454, 0, 0, 0.0712008, 

0.455, 0, 0, 0.0737143, 

0.456, 0, 0, 0.0762863, 

0.457, 0, 0, 0.0789169, 

0.458, 0, 0, 0.0816061, 

0.459, 0, 0, 0.0843538, 

0.46, 0, 0, 0.0871599, 

0.461, 0, 0, 0.0900241, 

0.462, 0, 0, 0.0929463, 

0.463, 0, 0, 0.0959261, 

0.464, 0, 0, 0.098963, 

0.465, 0, 0, 0.102057, 

0.466, 0, 0, 0.105207, 

0.467, 0, 0, 0.108412, 

0.468, 0, 0, 0.111673, 

0.469, 0, 0, 0.114988, 

0.47, 0, 0, 0.118356, 

0.471, 0, 0, 0.121777, 

0.472, 0, 0, 0.125249, 

0.473, 0, 0, 0.128772, 

0.474, 0, 0, 0.132345, 

0.475, 0, 0, 0.135966, 

0.476, 0, 0, 0.139635, 

0.477, 0, 0, 0.14335, 

0.478, 0, 0, 0.147109, 

0.479, 0, 0, 0.150911, 

0.48, 0, 0, 0.154756, 

0.481, 0, 0, 0.15864, 

0.482, 0, 0, 0.162564, 

0.483, 0, 0, 0.166525, 

0.484, 0, 0, 0.170521, 

0.485, 0, 0, 0.174551, 

0.486, 0, 0, 0.178613, 

0.487, 0, 0, 0.182705, 

0.488, 0, 0, 0.186825, 

0.489, 0, 0, 0.190972, 

0.49, 0, 0, 0.195144, 

0.491, 0, 0, 0.199337, 

0.492, 0, 0, 0.203552, 

0.493, 0, 0, 0.207784, 

0.494, 0, 0, 0.212033, 

0.495, 0, 0, 0.216296, 

0.496, 0, 0, 0.220572, 

0.497, 0, 0, 0.224857, 

0.498, 0, 0, 0.22915, 

0.499, 0, 0, 0.233449, 

0.5, 0, 0, 0.27647, 

0.501, 0, 0, 0.319308, 

0.502, 0, 0, 0.361747, 

0.503, 0, 0, 0.403576, 

0.504, 0, 0, 0.444597, 

0.505, 0, 0, 0.484621, 

0.506, 0, 0, 0.523475, 

0.507, 0, 0, 0.561002, 

0.508, 0, 0, 0.597065, 

0.509, 0, 0, 0.631546, 

0.51, 0, 0, 0.664349, 

0.511, 0, 0, 0.695399, 

0.512, 0, 0, 0.724642, 

0.513, 0, 0, 0.752045, 

0.514, 0, 0, 0.777596, 

0.515, 0, 0, 0.801302, 

0.516, 0, 0, 0.823187, 

0.517, 0, 0, 0.84329, 

0.518, 0, 0, 0.861666, 

0.519, 0, 0, 0.878379, 

0.52, 0, 0, 0.893507, 

0.521, 0, 0, 0.907133, 

0.522, 0, 0, 0.919345, 

0.523, 0, 0, 0.930238, 

0.524, 0, 0, 0.939906, 

0.525, 0, 0, 0.948448, 

0.526, 0, 0, 0.955956, 

0.527, 0, 0, 0.962526, 

0.528, 0, 0, 0.968247, 

0.529, 0, 0, 0.973205, 

0.53, 0, 0, 0.977482, 

0.531, 0, 0, 0.981153, 

0.532, 0, 0, 0.984291, 

0.533, 0, 0, 0.98696, 

0.534, 0, 0, 0.98922, 

0.535, 0, 0, 0.991124, 

0.536, 0, 0, 0.992722, 

0.537, 0, 0, 0.994056, 

0.538, 0, 0, 0.995166, 

0.539, 0, 0, 0.996084, 

0.54, 0, 0, 0.99684, 

0.541, 0, 0, 0.997461, 

0.542, 0, 0, 0.997968, 

0.543, 0, 0, 0.99838, 

0.544, 0, 0, 0.998713, 

0.545, 0, 0, 0.998982, 

0.546, 0, 0, 0.999198, 

0.547, 0, 0, 0.999371, 

0.548, 0, 0, 0.999508, 

0.549, 0, 0, 0.999617, 

0.55, 0, 0, 0.999703, 

0.551, 0, 0, 0.99977, 

0.552, 0, 0, 0.999823, 

0.553, 0, 0, 0.999865, 

0.554, 0, 0, 0.999896, 

0.555, 0, 0, 0.999921, 

0.556, 0, 0, 0.99994, 

0.557, 0, 0, 0.999955, 

0.558, 0, 0, 0.999966, 

0.559, 0, 0, 0.999975, 

0.56, 0, 0, 0.999981, 

0.561, 0, 0, 0.999986, 

0.562, 0, 0, 0.999989, 

0.563, 0, 0, 0.999992, 

0.564, 0, 0, 0.999994, 

0.565, 0, 0, 0.999996, 

0.566, 0, 0, 0.999997, 

0.567, 0, 0, 0.999998, 

0.568, 0, 0, 0.999998, 

0.569, 0, 0, 0.999999, 

0.57, 0, 0, 0.999999, 

0.571, 0, 0, 0.999999, 

0.572, 0, 0, 1, 

0.573, 0, 0, 1, 

0.574, 0, 0, 1, 

0.575, 0, 0, 1, 

0.576, 0, 0, 1, 

0.577, 0, 0, 1, 

0.578, 0, 0, 1, 

0.579, 0, 0, 1, 

0.58, 0, 0, 1, 

0.581, 0, 0, 1, 

0.582, 0, 0, 1, 

0.583, 0, 0, 1, 

0.584, 0, 0, 1, 

0.585, 0, 0, 1, 

0.586, 0, 0, 1, 

0.587, 0, 0, 1, 

0.588, 0, 0, 1, 

0.589, 0, 0, 1, 

0.59, 0, 0, 1, 

0.591, 0, 0, 1, 

0.592, 0, 0, 1, 

0.593, 0, 0, 1, 

0.594, 0, 0, 1, 

0.595, 0, 0, 1, 

0.596, 0, 0, 1, 

0.597, 0, 0, 1, 

0.598, 0, 0, 1, 

0.599, 0, 0, 1, 

0.6, 0, 0, 1, 

0.601, 0, 0, 1, 

0.602, 0, 0, 1, 

0.603, 0, 0, 1, 

0.604, 0, 0, 1, 

0.605, 0, 0, 1, 

0.606, 0, 0, 1, 

0.607, 0, 0, 1, 

0.608, 0, 0, 1, 

0.609, 0, 0, 1, 

0.61, 0, 0, 1, 

0.611, 0, 0, 1, 

0.612, 0, 0, 1, 

0.613, 0, 0, 1, 

0.614, 0, 0, 1, 

0.615, 0, 0, 1, 

0.616, 0, 0, 1, 

0.617, 0, 0, 1, 

0.618, 0, 0, 1, 

0.619, 0, 0, 1, 

0.62, 0, 0, 1, 

0.621, 0, 0, 1, 

0.622, 0, 0, 1, 

0.623, 0, 0, 1, 

0.624, 0, 0, 1, 

0.625, 0, 0, 1, 

0.626, 0, 0, 1, 

0.627, 0, 0, 1, 

0.628, 0, 0, 1, 

0.629, 0, 0, 1, 

0.63, 0, 0, 1, 

0.631, 0, 0, 1, 

0.632, 0, 0, 1, 

0.633, 0, 0, 1, 

0.634, 0, 0, 1, 

0.635, 0, 0, 1, 

0.636, 0, 0, 1, 

0.637, 0, 0, 1, 

0.638, 0, 0, 1, 

0.639, 0, 0, 1, 

0.64, 0, 0, 1, 

0.641, 0, 0, 1, 

0.642, 0, 0, 1, 

0.643, 0, 0, 1, 

0.644, 0, 0, 1, 

0.645, 0, 0, 1, 

0.646, 0, 0, 1, 

0.647, 0, 0, 1, 

0.648, 0, 0, 1, 

0.649, 0, 0, 1, 

0.65, 0, 0, 1, 

0.651, 0, 0, 1, 

0.652, 0, 0, 1, 

0.653, 0, 0, 1, 

0.654, 0, 0, 1, 

0.655, 0, 0, 1, 

0.656, 0, 0, 1, 

0.657, 0, 0, 1, 

0.658, 0, 0, 1, 

0.659, 0, 0, 1, 

0.66, 0, 0, 1, 

0.661, 0, 0, 1, 

0.662, 0, 0, 1, 

0.663, 0, 0, 1, 

0.664, 0, 0, 1, 

0.665, 0, 0, 1, 

0.666, 0, 0, 1, 

0.667, 0, 0, 1, 

0.668, 0, 0, 1, 

0.669, 0, 0, 1, 

0.67, 0, 0, 1, 

0.671, 0, 0, 1, 

0.672, 0, 0, 1, 

0.673, 0, 0, 1, 

0.674, 0, 0, 1, 

0.675, 0, 0, 1, 

0.676, 0, 0, 1, 

0.677, 0, 0, 1, 

0.678, 0, 0, 1, 

0.679, 0, 0, 1, 

0.68, 0, 0, 1, 

0.681, 0, 0, 1, 

0.682, 0, 0, 1, 

0.683, 0, 0, 1, 

0.684, 0, 0, 1, 

0.685, 0, 0, 1, 

0.686, 0, 0, 1, 

0.687, 0, 0, 1, 

0.688, 0, 0, 1, 

0.689, 0, 0, 1, 

0.69, 0, 0, 1, 

0.691, 0, 0, 1, 

0.692, 0, 0, 1, 

0.693, 0, 0, 1, 

0.694, 0, 0, 1, 

0.695, 0, 0, 1, 

0.696, 0, 0, 1, 

0.697, 0, 0, 1, 

0.698, 0, 0, 1, 

0.699, 0, 0, 1, 

0.7, 0, 0, 1, 

0.701, 0, 0, 1, 

0.702, 0, 0, 1, 

0.703, 0, 0, 1, 

0.704, 0, 0, 1, 

0.705, 0, 0, 1, 

0.706, 0, 0, 1, 

0.707, 0, 0, 1, 

0.708, 0, 0, 1, 

0.709, 0, 0, 1, 

0.71, 0, 0, 1, 

0.711, 0, 0, 1, 

0.712, 0, 0, 1, 

0.713, 0, 0, 1, 

0.714, 0, 0, 1, 

0.715, 0, 0, 1, 

0.716, 0, 0, 1, 

0.717, 0, 0, 1, 

0.718, 0, 0, 1, 

0.719, 0, 0, 1, 

0.72, 0, 0, 1, 

0.721, 0, 0, 1, 

0.722, 0, 0, 1, 

0.723, 0, 0, 1, 

0.724, 0, 0, 1, 

0.725, 0, 0, 1, 

0.726, 0, 0, 1, 

0.727, 0, 0, 1, 

0.728, 0, 0, 1, 

0.729, 0, 0, 1, 

0.73, 0, 0, 1, 

0.731, 0, 0, 1, 

0.732, 0, 0, 1, 

0.733, 0, 0, 1, 

0.734, 0, 0, 1, 

0.735, 0, 0, 1, 

0.736, 0, 0, 1, 

0.737, 0, 0, 1, 

0.738, 0, 0, 1, 

0.739, 0, 0, 1, 

0.74, 0, 0, 1, 

0.741, 0, 0, 1, 

0.742, 0, 0, 1, 

0.743, 0, 0, 1, 

0.744, 0, 0, 1, 

0.745, 0, 0, 1, 

0.746, 0, 0, 1, 

0.747, 0, 0, 1, 

0.748, 0, 0, 1, 

0.749, 0, 0, 1, 

0.75, 0, 0, 1, 

0.751, 0, 0, 1, 

0.752, 0, 0, 1, 

0.753, 0, 0, 1, 

0.754, 0, 0, 1, 

0.755, 0, 0, 1, 

0.756, 0, 0, 1, 

0.757, 0, 0, 1, 

0.758, 0, 0, 1, 

0.759, 0, 0, 1, 

0.76, 0, 0, 1, 

0.761, 0, 0, 1, 

0.762, 0, 0, 1, 

0.763, 0, 0, 1, 

0.764, 0, 0, 1, 

0.765, 0, 0, 1, 

0.766, 0, 0, 1, 

0.767, 0, 0, 1, 

0.768, 0, 0, 1, 

0.769, 0, 0, 1, 

0.77, 0, 0, 1, 

0.771, 0, 0, 1, 

0.772, 0, 0, 1, 

0.773, 0, 0, 1, 

0.774, 0, 0, 1, 

0.775, 0, 0, 1, 

0.776, 0, 0, 1, 

0.777, 0, 0, 1, 

0.778, 0, 0, 1, 

0.779, 0, 0, 1, 

0.78, 0, 0, 1, 

0.781, 0, 0, 1, 

0.782, 0, 0, 1, 

0.783, 0, 0, 1, 

0.784, 0, 0, 1, 

0.785, 0, 0, 1, 

0.786, 0, 0, 1, 

0.787, 0, 0, 1, 

0.788, 0, 0, 1, 

0.789, 0, 0, 1, 

0.79, 0, 0, 1, 

0.791, 0, 0, 1, 

0.792, 0, 0, 1, 

0.793, 0, 0, 1, 

0.794, 0, 0, 1, 

0.795, 0, 0, 1, 

0.796, 0, 0, 1, 

0.797, 0, 0, 1, 

0.798, 0, 0, 1, 

0.799, 0, 0, 1, 

0.8, 0, 0, 1, 

0.801, 0, 0, 1, 

0.802, 0, 0, 1, 

0.803, 0, 0, 1, 

0.804, 0, 0, 1, 

0.805, 0, 0, 1, 

0.806, 0, 0, 1, 

0.807, 0, 0, 1, 

0.808, 0, 0, 1, 

0.809, 0, 0, 1, 

0.81, 0, 0, 1, 

0.811, 0, 0, 1, 

0.812, 0, 0, 1, 

0.813, 0, 0, 1, 

0.814, 0, 0, 1, 

0.815, 0, 0, 1, 

0.816, 0, 0, 1, 

0.817, 0, 0, 1, 

0.818, 0, 0, 1, 

0.819, 0, 0, 1, 

0.82, 0, 0, 1, 

0.821, 0, 0, 1, 

0.822, 0, 0, 1, 

0.823, 0, 0, 1, 

0.824, 0, 0, 1, 

0.825, 0, 0, 1, 

0.826, 0, 0, 1, 

0.827, 0, 0, 1, 

0.828, 0, 0, 1, 

0.829, 0, 0, 1, 

0.83, 0, 0, 1, 

0.831, 0, 0, 1, 

0.832, 0, 0, 1, 

0.833, 0, 0, 1, 

0.834, 0, 0, 1, 

0.835, 0, 0, 1, 

0.836, 0, 0, 1, 

0.837, 0, 0, 1, 

0.838, 0, 0, 1, 

0.839, 0, 0, 1, 

0.84, 0, 0, 1, 

0.841, 0, 0, 1, 

0.842, 0, 0, 1, 

0.843, 0, 0, 1, 

0.844, 0, 0, 1, 

0.845, 0, 0, 1, 

0.846, 0, 0, 1, 

0.847, 0, 0, 1, 

0.848, 0, 0, 1, 

0.849, 0, 0, 1, 

0.85, 0, 0, 1, 

0.851, 0, 0, 1, 

0.852, 0, 0, 1, 

0.853, 0, 0, 1, 

0.854, 0, 0, 1, 

0.855, 0, 0, 1, 

0.856, 0, 0, 1, 

0.857, 0, 0, 1, 

0.858, 0, 0, 1, 

0.859, 0, 0, 1, 

0.86, 0, 0, 1, 

0.861, 0, 0, 1, 

0.862, 0, 0, 1, 

0.863, 0, 0, 1, 

0.864, 0, 0, 1, 

0.865, 0, 0, 1, 

0.866, 0, 0, 1, 

0.867, 0, 0, 1, 

0.868, 0, 0, 1, 

0.869, 0, 0, 1, 

0.87, 0, 0, 1, 

0.871, 0, 0, 1, 

0.872, 0, 0, 1, 

0.873, 0, 0, 1, 

0.874, 0, 0, 1, 

0.875, 0, 0, 1, 

0.876, 0, 0, 1, 

0.877, 0, 0, 1, 

0.878, 0, 0, 1, 

0.879, 0, 0, 1, 

0.88, 0, 0, 1, 

0.881, 0, 0, 1, 

0.882, 0, 0, 1, 

0.883, 0, 0, 1, 

0.884, 0, 0, 1, 

0.885, 0, 0, 1, 

0.886, 0, 0, 1, 

0.887, 0, 0, 1, 

0.888, 0, 0, 1, 

0.889, 0, 0, 1, 

0.89, 0, 0, 1, 

0.891, 0, 0, 1, 

0.892, 0, 0, 1, 

0.893, 0, 0, 1, 

0.894, 0, 0, 1, 

0.895, 0, 0, 1, 

0.896, 0, 0, 1, 

0.897, 0, 0, 1, 

0.898, 0, 0, 1, 

0.899, 0, 0, 1, 

0.9, 0, 0, 1, 

0.901, 0, 0, 1, 

0.902, 0, 0, 1, 

0.903, 0, 0, 1, 

0.904, 0, 0, 1, 

0.905, 0, 0, 1, 

0.906, 0, 0, 1, 

0.907, 0, 0, 1, 

0.908, 0, 0, 1, 

0.909, 0, 0, 1, 

0.91, 0, 0, 1, 

0.911, 0, 0, 1, 

0.912, 0, 0, 1, 

0.913, 0, 0, 1, 

0.914, 0, 0, 1, 

0.915, 0, 0, 1, 

0.916, 0, 0, 1, 

0.917, 0, 0, 1, 

0.918, 0, 0, 1, 

0.919, 0, 0, 1, 

0.92, 0, 0, 1, 

0.921, 0, 0, 1, 

0.922, 0, 0, 1, 

0.923, 0, 0, 1, 

0.924, 0, 0, 1, 

0.925, 0, 0, 1, 

0.926, 0, 0, 1, 

0.927, 0, 0, 1, 

0.928, 0, 0, 1, 

0.929, 0, 0, 1, 

0.93, 0, 0, 1, 

0.931, 0, 0, 1, 

0.932, 0, 0, 1, 

0.933, 0, 0, 1, 

0.934, 0, 0, 1, 

0.935, 0, 0, 1, 

0.936, 0, 0, 1, 

0.937, 0, 0, 1, 

0.938, 0, 0, 1, 

0.939, 0, 0, 1, 

0.94, 0, 0, 1, 

0.941, 0, 0, 1, 

0.942, 0, 0, 1, 

0.943, 0, 0, 1, 

0.944, 0, 0, 1, 

0.945, 0, 0, 1, 

0.946, 0, 0, 1, 

0.947, 0, 0, 1, 

0.948, 0, 0, 1, 

0.949, 0, 0, 1, 

0.95, 0, 0, 1, 

0.951, 0, 0, 1, 

0.952, 0, 0, 1, 

0.953, 0, 0, 1, 

0.954, 0, 0, 1, 

0.955, 0, 0, 1, 

0.956, 0, 0, 1, 

0.957, 0, 0, 1, 

0.958, 0, 0, 1, 

0.959, 0, 0, 1, 

0.96, 0, 0, 1, 

0.961, 0, 0, 1, 

0.962, 0, 0, 1, 

0.963, 0, 0, 1, 

0.964, 0, 0, 1, 

0.965, 0, 0, 1, 

0.966, 0, 0, 1, 

0.967, 0, 0, 1, 

0.968, 0, 0, 1, 

0.969, 0, 0, 1, 

0.97, 0, 0, 1, 

0.971, 0, 0, 1, 

0.972, 0, 0, 1, 

0.973, 0, 0, 1, 

0.974, 0, 0, 1, 

0.975, 0, 0, 1, 

0.976, 0, 0, 1, 

0.977, 0, 0, 1, 

0.978, 0, 0, 1, 

0.979, 0, 0, 1, 

0.98, 0, 0, 1, 

0.981, 0, 0, 1, 

0.982, 0, 0, 1, 

0.983, 0, 0, 1, 

0.984, 0, 0, 1, 

0.985, 0, 0, 1, 

0.986, 0, 0, 1, 

0.987, 0, 0, 1, 

0.988, 0, 0, 1, 

0.989, 0, 0, 1, 

0.99, 0, 0, 1, 

0.991, 0, 0, 1, 

0.992, 0, 0, 1, 

0.993, 0, 0, 1, 

0.994, 0, 0, 1, 

0.995, 0, 0, 1, 

0.996, 0, 0, 1, 

0.997, 0, 0, 1, 

0.998, 0, 0, 1, 

0.999, 0, 0, 1, 

