0, 0, 0, 0.951231, 

0.00105127, 0, 0, 0.951231, 

0.00210254, 0, 0, 0.951231, 

0.00315381, 0, 0, 0.951231, 

0.00420508, 0, 0, 0.951231, 

0.00525636, 0, 0, 0.951231, 

0.00630763, 0, 0, 0.951231, 

0.0073589, 0, 0, 0.951231, 

0.00841017, 0, 0, 0.951231, 

0.00946144, 0, 0, 0.951231, 

0.0105127, 0, 0, 0.951231, 

0.011564, 0, 0, 0.951231, 

0.0126153, 0, 0, 0.951231, 

0.0136665, 0, 0, 0.951231, 

0.0147178, 0, 0, 0.951231, 

0.0157691, 0, 0, 0.951231, 

0.0168203, 0, 0, 0.951231, 

0.0178716, 0, 0, 0.951231, 

0.0189229, 0, 0, 0.951231, 

0.0199742, 0, 0, 0.951231, 

0.0210254, 0, 0, 0.951231, 

0.0220767, 0, 0, 0.951231, 

0.023128, 0, 0, 0.951231, 

0.0241792, 0, 0, 0.951231, 

0.0252305, 0, 0, 0.951231, 

0.0262818, 0, 0, 0.951231, 

0.027333, 0, 0, 0.951231, 

0.0283843, 0, 0, 0.951231, 

0.0294356, 0, 0, 0.951231, 

0.0304869, 0, 0, 0.951231, 

0.0315381, 0, 0, 0.951231, 

0.0325894, 0, 0, 0.951231, 

0.0336407, 0, 0, 0.951231, 

0.0346919, 0, 0, 0.951231, 

0.0357432, 0, 0, 0.951231, 

0.0367945, 0, 0, 0.951231, 

0.0378458, 0, 0, 0.951231, 

0.038897, 0, 0, 0.951231, 

0.0399483, 0, 0, 0.951231, 

0.0409996, 0, 0, 0.951231, 

0.0420508, 0, 0, 0.951231, 

0.0431021, 0, 0, 0.951231, 

0.0441534, 0, 0, 0.951231, 

0.0452047, 0, 0, 0.951231, 

0.0462559, 0, 0, 0.951231, 

0.0473072, 0, 0, 0.951231, 

0.0483585, 0, 0, 0.951231, 

0.0494097, 0, 0, 0.951231, 

0.050461, 0, 0, 0.951231, 

0.0515123, 0, 0, 0.951231, 

0.0525636, 0, 0, 0.951231, 

0.0536148, 0, 0, 0.951231, 

0.0546661, 0, 0, 0.951231, 

0.0557174, 0, 0, 0.951231, 

0.0567686, 0, 0, 0.951231, 

0.0578199, 0, 0, 0.951231, 

0.0588712, 0, 0, 0.951231, 

0.0599225, 0, 0, 0.951231, 

0.0609737, 0, 0, 0.951231, 

0.062025, 0, 0, 0.951231, 

0.0630763, 0, 0, 0.951231, 

0.0641275, 0, 0, 0.951231, 

0.0651788, 0, 0, 0.951231, 

0.0662301, 0, 0, 0.951231, 

0.0672814, 0, 0, 0.951231, 

0.0683326, 0, 0, 0.951231, 

0.0693839, 0, 0, 0.951231, 

0.0704352, 0, 0, 0.951231, 

0.0714864, 0, 0, 0.951231, 

0.0725377, 0, 0, 0.951231, 

0.073589, 0, 0, 0.951231, 

0.0746402, 0, 0, 0.951231, 

0.0756915, 0, 0, 0.951231, 

0.0767428, 0, 0, 0.951231, 

0.0777941, 0, 0, 0.951231, 

0.0788453, 0, 0, 0.951231, 

0.0798966, 0, 0, 0.951231, 

0.0809479, 0, 0, 0.951231, 

0.0819991, 0, 0, 0.951231, 

0.0830504, 0, 0, 0.951231, 

0.0841017, 0, 0, 0.951231, 

0.085153, 0, 0, 0.951231, 

0.0862042, 0, 0, 0.951231, 

0.0872555, 0, 0, 0.951231, 

0.0883068, 0, 0, 0.951231, 

0.089358, 0, 0, 0.951231, 

0.0904093, 0, 0, 0.951231, 

0.0914606, 0, 0, 0.951231, 

0.0925119, 0, 0, 0.951231, 

0.0935631, 0, 0, 0.951231, 

0.0946144, 0, 0, 0.951231, 

0.0956657, 0, 0, 0.951231, 

0.0967169, 0, 0, 0.951231, 

0.0977682, 0, 0, 0.951231, 

0.0988195, 0, 0, 0.951231, 

0.0998708, 0, 0, 0.951231, 

0.100922, 0, 0, 0.951231, 

0.101973, 0, 0, 0.951231, 

0.103025, 0, 0, 0.951231, 

0.104076, 0, 0, 0.951231, 

0.105127, 0, 0, 0.951231, 

0.106178, 0, 0, 0.951231, 

0.10723, 0, 0, 0.951231, 

0.108281, 0, 0, 0.951231, 

0.109332, 0, 0, 0.951231, 

0.110383, 0, 0, 0.951231, 

0.111435, 0, 0, 0.951231, 

0.112486, 0, 0, 0.951231, 

0.113537, 0, 0, 0.951231, 

0.114589, 0, 0, 0.951231, 

0.11564, 0, 0, 0.951231, 

0.116691, 0, 0, 0.951231, 

0.117742, 0, 0, 0.951231, 

0.118794, 0, 0, 0.951231, 

0.119845, 0, 0, 0.951231, 

0.120896, 0, 0, 0.951231, 

0.121947, 0, 0, 0.951231, 

0.122999, 0, 0, 0.951231, 

0.12405, 0, 0, 0.951231, 

0.125101, 0, 0, 0.951231, 

0.126153, 0, 0, 0.951231, 

0.127204, 0, 0, 0.951231, 

0.128255, 0, 0, 0.951231, 

0.129306, 0, 0, 0.951231, 

0.130358, 0, 0, 0.951231, 

0.131409, 0, 0, 0.951231, 

0.13246, 0, 0, 0.951231, 

0.133511, 0, 0, 0.951231, 

0.134563, 0, 0, 0.951231, 

0.135614, 0, 0, 0.951231, 

0.136665, 0, 0, 0.951231, 

0.137717, 0, 0, 0.951231, 

0.138768, 0, 0, 0.951231, 

0.139819, 0, 0, 0.951231, 

0.14087, 0, 0, 0.951231, 

0.141922, 0, 0, 0.951231, 

0.142973, 0, 0, 0.951231, 

0.144024, 0, 0, 0.951231, 

0.145075, 0, 0, 0.951231, 

0.146127, 0, 0, 0.951231, 

0.147178, 0, 0, 0.951231, 

0.148229, 0, 0, 0.951231, 

0.14928, 0, 0, 0.951231, 

0.150332, 0, 0, 0.951231, 

0.151383, 0, 0, 0.951231, 

0.152434, 0, 0, 0.951231, 

0.153486, 0, 0, 0.951231, 

0.154537, 0, 0, 0.951231, 

0.155588, 0, 0, 0.951231, 

0.156639, 0, 0, 0.951231, 

0.157691, 0, 0, 0.951231, 

0.158742, 0, 0, 0.951231, 

0.159793, 0, 0, 0.951231, 

0.160844, 0, 0, 0.951231, 

0.161896, 0, 0, 0.951231, 

0.162947, 0, 0, 0.951231, 

0.163998, 0, 0, 0.951231, 

0.16505, 0, 0, 0.951231, 

0.166101, 0, 0, 0.951231, 

0.167152, 0, 0, 0.951231, 

0.168203, 0, 0, 0.951231, 

0.169255, 0, 0, 0.951231, 

0.170306, 0, 0, 0.951231, 

0.171357, 0, 0, 0.951231, 

0.172408, 0, 0, 0.951231, 

0.17346, 0, 0, 0.951231, 

0.174511, 0, 0, 0.951231, 

0.175562, 0, 0, 0.951231, 

0.176614, 0, 0, 0.951231, 

0.177665, 0, 0, 0.951231, 

0.178716, 0, 0, 0.951231, 

0.179767, 0, 0, 0.951231, 

0.180819, 0, 0, 0.951231, 

0.18187, 0, 0, 0.951231, 

0.182921, 0, 0, 0.951231, 

0.183972, 0, 0, 0.951231, 

0.185024, 0, 0, 0.951231, 

0.186075, 0, 0, 0.951231, 

0.187126, 0, 0, 0.951231, 

0.188178, 0, 0, 0.951231, 

0.189229, 0, 0, 0.951231, 

0.19028, 0, 0, 0.951231, 

0.191331, 0, 0, 0.951231, 

0.192383, 0, 0, 0.951231, 

0.193434, 0, 0, 0.951231, 

0.194485, 0, 0, 0.951231, 

0.195536, 0, 0, 0.951231, 

0.196588, 0, 0, 0.951231, 

0.197639, 0, 0, 0.951231, 

0.19869, 0, 0, 0.951231, 

0.199742, 0, 0, 0.951231, 

0.200793, 0, 0, 0.951231, 

0.201844, 0, 0, 0.951231, 

0.202895, 0, 0, 0.951231, 

0.203947, 0, 0, 0.951231, 

0.204998, 0, 0, 0.951231, 

0.206049, 0, 0, 0.951231, 

0.2071, 0, 0, 0.951231, 

0.208152, 0, 0, 0.951231, 

0.209203, 0, 0, 0.951231, 

0.210254, 0, 0, 0.951231, 

0.211305, 0, 0, 0.951231, 

0.212357, 0, 0, 0.951231, 

0.213408, 0, 0, 0.951231, 

0.214459, 0, 0, 0.951231, 

0.215511, 0, 0, 0.951231, 

0.216562, 0, 0, 0.951231, 

0.217613, 0, 0, 0.951231, 

0.218664, 0, 0, 0.951231, 

0.219716, 0, 0, 0.951231, 

0.220767, 0, 0, 0.951231, 

0.221818, 0, 0, 0.951231, 

0.222869, 0, 0, 0.951231, 

0.223921, 0, 0, 0.951231, 

0.224972, 0, 0, 0.951231, 

0.226023, 0, 0, 0.951231, 

0.227075, 0, 0, 0.951231, 

0.228126, 0, 0, 0.951231, 

0.229177, 0, 0, 0.951231, 

0.230228, 0, 0, 0.951231, 

0.23128, 0, 0, 0.951231, 

0.232331, 0, 0, 0.951231, 

0.233382, 0, 0, 0.951231, 

0.234433, 0, 0, 0.951231, 

0.235485, 0, 0, 0.951231, 

0.236536, 0, 0, 0.951231, 

0.237587, 0, 0, 0.951231, 

0.238639, 0, 0, 0.951231, 

0.23969, 0, 0, 0.951231, 

0.240741, 0, 0, 0.951231, 

0.241792, 0, 0, 0.951231, 

0.242844, 0, 0, 0.951231, 

0.243895, 0, 0, 0.951231, 

0.244946, 0, 0, 0.951231, 

0.245997, 0, 0, 0.951231, 

0.247049, 0, 0, 0.951231, 

0.2481, 0, 0, 0.951231, 

0.249151, 0, 0, 0.951231, 

0.250203, 0, 0, 0.951231, 

0.251254, 0, 0, 0.951231, 

0.252305, 0, 0, 0.951231, 

0.253356, 0, 0, 0.951231, 

0.254408, 0, 0, 0.951231, 

0.255459, 0, 0, 0.951231, 

0.25651, 0, 0, 0.951231, 

0.257561, 0, 0, 0.951231, 

0.258613, 0, 0, 0.951231, 

0.259664, 0, 0, 0.951231, 

0.260715, 0, 0, 0.951231, 

0.261767, 0, 0, 0.951231, 

0.262818, 0, 0, 0.951231, 

0.263869, 0, 0, 0.951231, 

0.26492, 0, 0, 0.951231, 

0.265972, 0, 0, 0.951231, 

0.267023, 0, 0, 0.951231, 

0.268074, 0, 0, 0.951231, 

0.269125, 0, 0, 0.951231, 

0.270177, 0, 0, 0.951231, 

0.271228, 0, 0, 0.951231, 

0.272279, 0, 0, 0.951231, 

0.27333, 0, 0, 0.951231, 

0.274382, 0, 0, 0.951231, 

0.275433, 0, 0, 0.951231, 

0.276484, 0, 0, 0.951231, 

0.277536, 0, 0, 0.951231, 

0.278587, 0, 0, 0.951231, 

0.279638, 0, 0, 0.951231, 

0.280689, 0, 0, 0.951231, 

0.281741, 0, 0, 0.951231, 

0.282792, 0, 0, 0.951231, 

0.283843, 0, 0, 0.951231, 

0.284894, 0, 0, 0.951231, 

0.285946, 0, 0, 0.951231, 

0.286997, 0, 0, 0.951231, 

0.288048, 0, 0, 0.951231, 

0.2891, 0, 0, 0.951231, 

0.290151, 0, 0, 0.951231, 

0.291202, 0, 0, 0.951231, 

0.292253, 0, 0, 0.951231, 

0.293305, 0, 0, 0.951231, 

0.294356, 0, 0, 0.951231, 

0.295407, 0, 0, 0.951231, 

0.296458, 0, 0, 0.951231, 

0.29751, 0, 0, 0.951231, 

0.298561, 0, 0, 0.951231, 

0.299612, 0, 0, 0.951231, 

0.300664, 0, 0, 0.951231, 

0.301715, 0, 0, 0.951231, 

0.302766, 0, 0, 0.951231, 

0.303817, 0, 0, 0.951231, 

0.304869, 0, 0, 0.951231, 

0.30592, 0, 0, 0.951231, 

0.306971, 0, 0, 0.951231, 

0.308022, 0, 0, 0.951231, 

0.309074, 0, 0, 0.951231, 

0.310125, 0, 0, 0.951231, 

0.311176, 0, 0, 0.951231, 

0.312228, 0, 0, 0.951231, 

0.313279, 0, 0, 0.951231, 

0.31433, 0, 0, 0.951231, 

0.315381, 0, 0, 0.951231, 

0.316433, 0, 0, 0.951231, 

0.317484, 0, 0, 0.951231, 

0.318535, 0, 0, 0.951231, 

0.319586, 0, 0, 0.951231, 

0.320638, 0, 0, 0.951231, 

0.321689, 0, 0, 0.951231, 

0.32274, 0, 0, 0.951231, 

0.323791, 0, 0, 0.951231, 

0.324843, 0, 0, 0.951231, 

0.325894, 0, 0, 0.951231, 

0.326945, 0, 0, 0.951231, 

0.327997, 0, 0, 0.951231, 

0.329048, 0, 0, 0.951231, 

0.330099, 0, 0, 0.951231, 

0.33115, 0, 0, 0.951231, 

0.332202, 0, 0, 0.951231, 

0.333253, 0, 0, 0.951231, 

0.334304, 0, 0, 0.951231, 

0.335355, 0, 0, 0.951231, 

0.336407, 0, 0, 0.951231, 

0.337458, 0, 0, 0.951231, 

0.338509, 0, 0, 0.951231, 

0.339561, 0, 0, 0.951231, 

0.340612, 0, 0, 0.951231, 

0.341663, 0, 0, 0.951231, 

0.342714, 0, 0, 0.951231, 

0.343766, 0, 0, 0.951231, 

0.344817, 0, 0, 0.951231, 

0.345868, 0, 0, 0.951231, 

0.346919, 0, 0, 0.951231, 

0.347971, 0, 0, 0.951231, 

0.349022, 0, 0, 0.951231, 

0.350073, 0, 0, 0.951231, 

0.351125, 0, 0, 0.951231, 

0.352176, 0, 0, 0.951231, 

0.353227, 0, 0, 0.951231, 

0.354278, 0, 0, 0.951231, 

0.35533, 0, 0, 0.951231, 

0.356381, 0, 0, 0.951231, 

0.357432, 0, 0, 0.951231, 

0.358483, 0, 0, 0.951231, 

0.359535, 0, 0, 0.951231, 

0.360586, 0, 0, 0.951231, 

0.361637, 0, 0, 0.951231, 

0.362689, 0, 0, 0.951231, 

0.36374, 0, 0, 0.951231, 

0.364791, 0, 0, 0.951231, 

0.365842, 0, 0, 0.951231, 

0.366894, 0, 0, 0.951231, 

0.367945, 0, 0, 0.951231, 

0.368996, 0, 0, 0.951231, 

0.370047, 0, 0, 0.951231, 

0.371099, 0, 0, 0.951231, 

0.37215, 0, 0, 0.951231, 

0.373201, 0, 0, 0.951231, 

0.374253, 0, 0, 0.951231, 

0.375304, 0, 0, 0.951231, 

0.376355, 0, 0, 0.951231, 

0.377406, 0, 0, 0.951231, 

0.378458, 0, 0, 0.951231, 

0.379509, 0, 0, 0.951231, 

0.38056, 0, 0, 0.951231, 

0.381611, 0, 0, 0.951231, 

0.382663, 0, 0, 0.951231, 

0.383714, 0, 0, 0.951231, 

0.384765, 0, 0, 0.951231, 

0.385816, 0, 0, 0.951231, 

0.386868, 0, 0, 0.951231, 

0.387919, 0, 0, 0.951231, 

0.38897, 0, 0, 0.951231, 

0.390022, 0, 0, 0.951231, 

0.391073, 0, 0, 0.951231, 

0.392124, 0, 0, 0.951231, 

0.393175, 0, 0, 0.951231, 

0.394227, 0, 0, 0.951231, 

0.395278, 0, 0, 0.951231, 

0.396329, 0, 0, 0.951231, 

0.39738, 0, 0, 0.951231, 

0.398432, 0, 0, 0.951231, 

0.399483, 0, 0, 0.951231, 

0.400534, 0, 0, 0.951231, 

0.401586, 0, 0, 0.951231, 

0.402637, 0, 0, 0.951231, 

0.403688, 0, 0, 0.951231, 

0.404739, 0, 0, 0.951231, 

0.405791, 0, 0, 0.951231, 

0.406842, 0, 0, 0.951231, 

0.407893, 0, 0, 0.951231, 

0.408944, 0, 0, 0.951231, 

0.409996, 0, 0, 0.951231, 

0.411047, 0, 0, 0.951231, 

0.412098, 0, 0, 0.951231, 

0.41315, 0, 0, 0.951231, 

0.414201, 0, 0, 0.951231, 

0.415252, 0, 0, 0.951231, 

0.416303, 0, 0, 0.951231, 

0.417355, 0, 0, 0.951231, 

0.418406, 0, 0, 0.951231, 

0.419457, 0, 0, 0.951231, 

0.420508, 0, 0, 0.951231, 

0.42156, 0, 0, 0.951231, 

0.422611, 0, 0, 0.951231, 

0.423662, 0, 0, 0.951231, 

0.424714, 0, 0, 0.951231, 

0.425765, 0, 0, 0.951231, 

0.426816, 0, 0, 0.951231, 

0.427867, 0, 0, 0.951231, 

0.428919, 0, 0, 0.951231, 

0.42997, 0, 0, 0.951231, 

0.431021, 0, 0, 0.951231, 

0.432072, 0, 0, 0.951231, 

0.433124, 0, 0, 0.951231, 

0.434175, 0, 0, 0.951231, 

0.435226, 0, 0, 0.951231, 

0.436278, 0, 0, 0.951231, 

0.437329, 0, 0, 0.951231, 

0.43838, 0, 0, 0.951231, 

0.439431, 0, 0, 0.951231, 

0.440483, 0, 0, 0.951231, 

0.441534, 0, 0, 0.951231, 

0.442585, 0, 0, 0.951231, 

0.443636, 0, 0, 0.951231, 

0.444688, 0, 0, 0.951231, 

0.445739, 0, 0, 0.951231, 

0.44679, 0, 0, 0.951231, 

0.447841, 0, 0, 0.951231, 

0.448893, 0, 0, 0.951231, 

0.449944, 0, 0, 0.951231, 

0.450995, 0, 0, 0.951231, 

0.452047, 0, 0, 0.951231, 

0.453098, 0, 0, 0.951231, 

0.454149, 0, 0, 0.951231, 

0.4552, 0, 0, 0.951231, 

0.456252, 0, 0, 0.951231, 

0.457303, 0, 0, 0.951231, 

0.458354, 0, 0, 0.951231, 

0.459405, 0, 0, 0.951231, 

0.460457, 0, 0, 0.951231, 

0.461508, 0, 0, 0.951231, 

0.462559, 0, 0, 0.951231, 

0.463611, 0, 0, 0.951231, 

0.464662, 0, 0, 0.951231, 

0.465713, 0, 0, 0.951231, 

0.466764, 0, 0, 0.951231, 

0.467816, 0, 0, 0.951231, 

0.468867, 0, 0, 0.951231, 

0.469918, 0, 0, 0.951231, 

0.470969, 0, 0, 0.951231, 

0.472021, 0, 0, 0.951231, 

0.473072, 0, 0, 0.951231, 

0.474123, 0, 0, 0.951231, 

0.475175, 0, 0, 0.951231, 

0.476226, 0, 0, 0.951231, 

0.477277, 0, 0, 0.951231, 

0.478328, 0, 0, 0.951231, 

0.47938, 0, 0, 0.951231, 

0.480431, 0, 0, 0.951231, 

0.481482, 0, 0, 0.951231, 

0.482533, 0, 0, 0.951231, 

0.483585, 0, 0, 0.951231, 

0.484636, 0, 0, 0.951231, 

0.485687, 0, 0, 0.951231, 

0.486739, 0, 0, 0.951231, 

0.48779, 0, 0, 0.951231, 

0.488841, 0, 0, 0.951231, 

0.489892, 0, 0, 0.951231, 

0.490944, 0, 0, 0.951231, 

0.491995, 0, 0, 0.951231, 

0.493046, 0, 0, 0.951231, 

0.494097, 0, 0, 0.951231, 

0.495149, 0, 0, 0.951231, 

0.4962, 0, 0, 0.951231, 

0.497251, 0, 0, 0.951231, 

0.498302, 0, 0, 0.951231, 

0.499354, 0, 0, 0.951231, 

0.500405, 0, 0, 0.951231, 

0.501456, 0, 0, 0.951231, 

0.502508, 0, 0, 0.951231, 

0.503559, 0, 0, 0.951231, 

0.50461, 0, 0, 0.951231, 

0.505661, 0, 0, 0.951231, 

0.506713, 0, 0, 0.951231, 

0.507764, 0, 0, 0.951231, 

0.508815, 0, 0, 0.951231, 

0.509866, 0, 0, 0.951231, 

0.510918, 0, 0, 0.951231, 

0.511969, 0, 0, 0.951231, 

0.51302, 0, 0, 0.951231, 

0.514072, 0, 0, 0.951231, 

0.515123, 0, 0, 0.951231, 

0.516174, 0, 0, 0.951231, 

0.517225, 0, 0, 0.951231, 

0.518277, 0, 0, 0.951231, 

0.519328, 0, 0, 0.951231, 

0.520379, 0, 0, 0.951231, 

0.52143, 0, 0, 0.951231, 

0.522482, 0, 0, 0.951231, 

0.523533, 0, 0, 0.951231, 

0.524584, 0, 0, 0.951231, 

0.525636, 0, 0, 0.951231, 

0.526687, 0, 0, 0.951231, 

0.527738, 0, 0, 0.951231, 

0.528789, 0, 0, 0.951231, 

0.529841, 0, 0, 0.951231, 

0.530892, 0, 0, 0.951231, 

0.531943, 0, 0, 0.951231, 

0.532994, 0, 0, 0.951231, 

0.534046, 0, 0, 0.951231, 

0.535097, 0, 0, 0.951231, 

0.536148, 0, 0, 0.951231, 

0.5372, 0, 0, 0.951231, 

0.538251, 0, 0, 0.951231, 

0.539302, 0, 0, 0.951231, 

0.540353, 0, 0, 0.951231, 

0.541405, 0, 0, 0.951231, 

0.542456, 0, 0, 0.951231, 

0.543507, 0, 0, 0.951231, 

0.544558, 0, 0, 0.951231, 

0.54561, 0, 0, 0.951231, 

0.546661, 0, 0, 0.951231, 

0.547712, 0, 0, 0.951231, 

0.548764, 0, 0, 0.951231, 

0.549815, 0, 0, 0.951231, 

0.550866, 0, 0, 0.951231, 

0.551917, 0, 0, 0.951231, 

0.552969, 0, 0, 0.951231, 

0.55402, 0, 0, 0.951231, 

0.555071, 0, 0, 0.951231, 

0.556122, 0, 0, 0.951231, 

0.557174, 0, 0, 0.951231, 

0.558225, 0, 0, 0.951231, 

0.559276, 0, 0, 0.951231, 

0.560327, 0, 0, 0.951231, 

0.561379, 0, 0, 0.951231, 

0.56243, 0, 0, 0.951231, 

0.563481, 0, 0, 0.951231, 

0.564533, 0, 0, 0.951231, 

0.565584, 0, 0, 0.951231, 

0.566635, 0, 0, 0.951231, 

0.567686, 0, 0, 0.951231, 

0.568738, 0, 0, 0.951231, 

0.569789, 0, 0, 0.951231, 

0.57084, 0, 0, 0.951231, 

0.571891, 0, 0, 0.951231, 

0.572943, 0, 0, 0.951231, 

0.573994, 0, 0, 0.951231, 

0.575045, 0, 0, 0.951231, 

0.576097, 0, 0, 0.951231, 

0.577148, 0, 0, 0.951231, 

0.578199, 0, 0, 0.951231, 

0.57925, 0, 0, 0.951231, 

0.580302, 0, 0, 0.951231, 

0.581353, 0, 0, 0.951231, 

0.582404, 0, 0, 0.951231, 

0.583455, 0, 0, 0.951231, 

0.584507, 0, 0, 0.951231, 

0.585558, 0, 0, 0.951231, 

0.586609, 0, 0, 0.951231, 

0.587661, 0, 0, 0.951231, 

0.588712, 0, 0, 0.951231, 

0.589763, 0, 0, 0.951231, 

0.590814, 0, 0, 0.951231, 

0.591866, 0, 0, 0.951231, 

0.592917, 0, 0, 0.951231, 

0.593968, 0, 0, 0.951231, 

0.595019, 0, 0, 0.951231, 

0.596071, 0, 0, 0.951231, 

0.597122, 0, 0, 0.951231, 

0.598173, 0, 0, 0.951231, 

0.599225, 0, 0, 0.951231, 

0.600276, 0, 0, 0.951231, 

0.601327, 0, 0, 0.951231, 

0.602378, 0, 0, 0.951231, 

0.60343, 0, 0, 0.951231, 

0.604481, 0, 0, 0.951231, 

0.605532, 0, 0, 0.951231, 

0.606583, 0, 0, 0.951231, 

0.607635, 0, 0, 0.951231, 

0.608686, 0, 0, 0.951231, 

0.609737, 0, 0, 0.951231, 

0.610789, 0, 0, 0.951231, 

0.61184, 0, 0, 0.951231, 

0.612891, 0, 0, 0.951231, 

0.613942, 0, 0, 0.951231, 

0.614994, 0, 0, 0.951231, 

0.616045, 0, 0, 0.951231, 

0.617096, 0, 0, 0.951231, 

0.618147, 0, 0, 0.951231, 

0.619199, 0, 0, 0.951231, 

0.62025, 0, 0, 0.951231, 

0.621301, 0, 0, 0.951231, 

0.622352, 0, 0, 0.951231, 

0.623404, 0, 0, 0.951231, 

0.624455, 0, 0, 0.951231, 

0.625506, 0, 0, 0.951231, 

0.626558, 0, 0, 0.951231, 

0.627609, 0, 0, 0.951231, 

0.62866, 0, 0, 0.951231, 

0.629711, 0, 0, 0.951231, 

0.630763, 0, 0, 0.951231, 

0.631814, 0, 0, 0.951231, 

0.632865, 0, 0, 0.951231, 

0.633916, 0, 0, 0.951231, 

0.634968, 0, 0, 0.951231, 

0.636019, 0, 0, 0.951231, 

0.63707, 0, 0, 0.951231, 

0.638122, 0, 0, 0.951231, 

0.639173, 0, 0, 0.951231, 

0.640224, 0, 0, 0.951231, 

0.641275, 0, 0, 0.951231, 

0.642327, 0, 0, 0.951231, 

0.643378, 0, 0, 0.951231, 

0.644429, 0, 0, 0.951231, 

0.64548, 0, 0, 0.951231, 

0.646532, 0, 0, 0.951231, 

0.647583, 0, 0, 0.951231, 

0.648634, 0, 0, 0.951231, 

0.649686, 0, 0, 0.951231, 

0.650737, 0, 0, 0.951231, 

0.651788, 0, 0, 0.951231, 

0.652839, 0, 0, 0.951231, 

0.653891, 0, 0, 0.951231, 

0.654942, 0, 0, 0.951231, 

0.655993, 0, 0, 0.951231, 

0.657044, 0, 0, 0.951231, 

0.658096, 0, 0, 0.951231, 

0.659147, 0, 0, 0.951231, 

0.660198, 0, 0, 0.951231, 

0.66125, 0, 0, 0.951231, 

0.662301, 0, 0, 0.951231, 

0.663352, 0, 0, 0.951231, 

0.664403, 0, 0, 0.951231, 

0.665455, 0, 0, 0.951231, 

0.666506, 0, 0, 0.951231, 

0.667557, 0, 0, 0.951231, 

0.668608, 0, 0, 0.951231, 

0.66966, 0, 0, 0.951231, 

0.670711, 0, 0, 0.951231, 

0.671762, 0, 0, 0.951231, 

0.672814, 0, 0, 0.951231, 

0.673865, 0, 0, 0.951231, 

0.674916, 0, 0, 0.951231, 

0.675967, 0, 0, 0.951231, 

0.677019, 0, 0, 0.951231, 

0.67807, 0, 0, 0.951231, 

0.679121, 0, 0, 0.951231, 

0.680172, 0, 0, 0.951231, 

0.681224, 0, 0, 0.951231, 

0.682275, 0, 0, 0.951231, 

0.683326, 0, 0, 0.951231, 

0.684377, 0, 0, 0.951231, 

0.685429, 0, 0, 0.951231, 

0.68648, 0, 0, 0.951231, 

0.687531, 0, 0, 0.951231, 

0.688583, 0, 0, 0.951231, 

0.689634, 0, 0, 0.951231, 

0.690685, 0, 0, 0.951231, 

0.691736, 0, 0, 0.951231, 

0.692788, 0, 0, 0.951231, 

0.693839, 0, 0, 0.951231, 

0.69489, 0, 0, 0.951231, 

0.695941, 0, 0, 0.951231, 

0.696993, 0, 0, 0.951231, 

0.698044, 0, 0, 0.951231, 

0.699095, 0, 0, 0.951231, 

0.700147, 0, 0, 0.951231, 

0.701198, 0, 0, 0.951231, 

0.702249, 0, 0, 0.951231, 

0.7033, 0, 0, 0.951231, 

0.704352, 0, 0, 0.951231, 

0.705403, 0, 0, 0.951231, 

0.706454, 0, 0, 0.951231, 

0.707505, 0, 0, 0.951231, 

0.708557, 0, 0, 0.951231, 

0.709608, 0, 0, 0.951231, 

0.710659, 0, 0, 0.951231, 

0.711711, 0, 0, 0.951231, 

0.712762, 0, 0, 0.951231, 

0.713813, 0, 0, 0.951231, 

0.714864, 0, 0, 0.951231, 

0.715916, 0, 0, 0.951231, 

0.716967, 0, 0, 0.951231, 

0.718018, 0, 0, 0.951231, 

0.719069, 0, 0, 0.951231, 

0.720121, 0, 0, 0.951231, 

0.721172, 0, 0, 0.951231, 

0.722223, 0, 0, 0.951231, 

0.723275, 0, 0, 0.951231, 

0.724326, 0, 0, 0.951231, 

0.725377, 0, 0, 0.951231, 

0.726428, 0, 0, 0.951231, 

0.72748, 0, 0, 0.951231, 

0.728531, 0, 0, 0.951231, 

0.729582, 0, 0, 0.951231, 

0.730633, 0, 0, 0.951231, 

0.731685, 0, 0, 0.951231, 

0.732736, 0, 0, 0.951231, 

0.733787, 0, 0, 0.951231, 

0.734838, 0, 0, 0.951231, 

0.73589, 0, 0, 0.951231, 

0.736941, 0, 0, 0.951231, 

0.737992, 0, 0, 0.951231, 

0.739044, 0, 0, 0.951231, 

0.740095, 0, 0, 0.951231, 

0.741146, 0, 0, 0.951231, 

0.742197, 0, 0, 0.951231, 

0.743249, 0, 0, 0.951231, 

0.7443, 0, 0, 0.951231, 

0.745351, 0, 0, 0.951231, 

0.746402, 0, 0, 0.951231, 

0.747454, 0, 0, 0.951231, 

0.748505, 0, 0, 0.951231, 

0.749556, 0, 0, 0.951231, 

0.750608, 0, 0, 0.951231, 

0.751659, 0, 0, 0.951231, 

0.75271, 0, 0, 0.951231, 

0.753761, 0, 0, 0.951231, 

0.754813, 0, 0, 0.951231, 

0.755864, 0, 0, 0.951231, 

0.756915, 0, 0, 0.951231, 

0.757966, 0, 0, 0.951231, 

0.759018, 0, 0, 0.951231, 

0.760069, 0, 0, 0.951231, 

0.76112, 0, 0, 0.951231, 

0.762172, 0, 0, 0.951231, 

0.763223, 0, 0, 0.951231, 

0.764274, 0, 0, 0.951231, 

0.765325, 0, 0, 0.951231, 

0.766377, 0, 0, 0.951231, 

0.767428, 0, 0, 0.951231, 

0.768479, 0, 0, 0.951231, 

0.76953, 0, 0, 0.951231, 

0.770582, 0, 0, 0.951231, 

0.771633, 0, 0, 0.951231, 

0.772684, 0, 0, 0.951231, 

0.773736, 0, 0, 0.951231, 

0.774787, 0, 0, 0.951231, 

0.775838, 0, 0, 0.951231, 

0.776889, 0, 0, 0.951231, 

0.777941, 0, 0, 0.951231, 

0.778992, 0, 0, 0.951231, 

0.780043, 0, 0, 0.951231, 

0.781094, 0, 0, 0.951231, 

0.782146, 0, 0, 0.951231, 

0.783197, 0, 0, 0.951231, 

0.784248, 0, 0, 0.951231, 

0.7853, 0, 0, 0.951231, 

0.786351, 0, 0, 0.951231, 

0.787402, 0, 0, 0.951231, 

0.788453, 0, 0, 0.951231, 

0.789505, 0, 0, 0.951231, 

0.790556, 0, 0, 0.951231, 

0.791607, 0, 0, 0.951231, 

0.792658, 0, 0, 0.951231, 

0.79371, 0, 0, 0.951231, 

0.794761, 0, 0, 0.951231, 

0.795812, 0, 0, 0.951231, 

0.796863, 0, 0, 0.951231, 

0.797915, 0, 0, 0.951231, 

0.798966, 0, 0, 0.951231, 

0.800017, 0, 0, 0.951231, 

0.801069, 0, 0, 0.951231, 

0.80212, 0, 0, 0.951231, 

0.803171, 0, 0, 0.951231, 

0.804222, 0, 0, 0.951231, 

0.805274, 0, 0, 0.951231, 

0.806325, 0, 0, 0.951231, 

0.807376, 0, 0, 0.951231, 

0.808427, 0, 0, 0.951231, 

0.809479, 0, 0, 0.951231, 

0.81053, 0, 0, 0.951231, 

0.811581, 0, 0, 0.951231, 

0.812633, 0, 0, 0.951231, 

0.813684, 0, 0, 0.951231, 

0.814735, 0, 0, 0.951231, 

0.815786, 0, 0, 0.951231, 

0.816838, 0, 0, 0.951231, 

0.817889, 0, 0, 0.951231, 

0.81894, 0, 0, 0.951231, 

0.819991, 0, 0, 0.951231, 

0.821043, 0, 0, 0.951231, 

0.822094, 0, 0, 0.951231, 

0.823145, 0, 0, 0.951231, 

0.824197, 0, 0, 0.951231, 

0.825248, 0, 0, 0.951231, 

0.826299, 0, 0, 0.951231, 

0.82735, 0, 0, 0.951231, 

0.828402, 0, 0, 0.951231, 

0.829453, 0, 0, 0.951231, 

0.830504, 0, 0, 0.951231, 

0.831555, 0, 0, 0.951231, 

0.832607, 0, 0, 0.951231, 

0.833658, 0, 0, 0.951231, 

0.834709, 0, 0, 0.951231, 

0.835761, 0, 0, 0.951231, 

0.836812, 0, 0, 0.951231, 

0.837863, 0, 0, 0.951231, 

0.838914, 0, 0, 0.951231, 

0.839966, 0, 0, 0.951231, 

0.841017, 0, 0, 0.951231, 

0.842068, 0, 0, 0.951231, 

0.843119, 0, 0, 0.951231, 

0.844171, 0, 0, 0.951231, 

0.845222, 0, 0, 0.951231, 

0.846273, 0, 0, 0.951231, 

0.847325, 0, 0, 0.951231, 

0.848376, 0, 0, 0.951231, 

0.849427, 0, 0, 0.951231, 

0.850478, 0, 0, 0.951231, 

0.85153, 0, 0, 0.951231, 

0.852581, 0, 0, 0.951231, 

0.853632, 0, 0, 0.951231, 

0.854683, 0, 0, 0.951231, 

0.855735, 0, 0, 0.951231, 

0.856786, 0, 0, 0.951231, 

0.857837, 0, 0, 0.951231, 

0.858888, 0, 0, 0.951231, 

0.85994, 0, 0, 0.951231, 

0.860991, 0, 0, 0.951231, 

0.862042, 0, 0, 0.951231, 

0.863094, 0, 0, 0.951231, 

0.864145, 0, 0, 0.951231, 

0.865196, 0, 0, 0.951231, 

0.866247, 0, 0, 0.951231, 

0.867299, 0, 0, 0.951231, 

0.86835, 0, 0, 0.951231, 

0.869401, 0, 0, 0.951231, 

0.870452, 0, 0, 0.951231, 

0.871504, 0, 0, 0.951231, 

0.872555, 0, 0, 0.951231, 

0.873606, 0, 0, 0.951231, 

0.874658, 0, 0, 0.951231, 

0.875709, 0, 0, 0.951231, 

0.87676, 0, 0, 0.951231, 

0.877811, 0, 0, 0.951231, 

0.878863, 0, 0, 0.951231, 

0.879914, 0, 0, 0.951231, 

0.880965, 0, 0, 0.951231, 

0.882016, 0, 0, 0.951231, 

0.883068, 0, 0, 0.951231, 

0.884119, 0, 0, 0.951231, 

0.88517, 0, 0, 0.951231, 

0.886222, 0, 0, 0.951231, 

0.887273, 0, 0, 0.951231, 

0.888324, 0, 0, 0.951231, 

0.889375, 0, 0, 0.951231, 

0.890427, 0, 0, 0.951231, 

0.891478, 0, 0, 0.951231, 

0.892529, 0, 0, 0.951231, 

0.89358, 0, 0, 0.951231, 

0.894632, 0, 0, 0.951231, 

0.895683, 0, 0, 0.951231, 

0.896734, 0, 0, 0.951231, 

0.897786, 0, 0, 0.951231, 

0.898837, 0, 0, 0.951231, 

0.899888, 0, 0, 0.951231, 

0.900939, 0, 0, 0.951231, 

0.901991, 0, 0, 0.951231, 

0.903042, 0, 0, 0.951231, 

0.904093, 0, 0, 0.951231, 

0.905144, 0, 0, 0.951231, 

0.906196, 0, 0, 0.951231, 

0.907247, 0, 0, 0.951231, 

0.908298, 0, 0, 0.951231, 

0.909349, 0, 0, 0.951231, 

0.910401, 0, 0, 0.951231, 

0.911452, 0, 0, 0.951231, 

0.912503, 0, 0, 0.951231, 

0.913555, 0, 0, 0.951231, 

0.914606, 0, 0, 0.951231, 

0.915657, 0, 0, 0.951231, 

0.916708, 0, 0, 0.951231, 

0.91776, 0, 0, 0.951231, 

0.918811, 0, 0, 0.951231, 

0.919862, 0, 0, 0.951231, 

0.920913, 0, 0, 0.951231, 

0.921965, 0, 0, 0.951231, 

0.923016, 0, 0, 0.951231, 

0.924067, 0, 0, 0.951231, 

0.925119, 0, 0, 0.951231, 

0.92617, 0, 0, 0.951231, 

0.927221, 0, 0, 0.951231, 

0.928272, 0, 0, 0.951231, 

0.929324, 0, 0, 0.951231, 

0.930375, 0, 0, 0.951231, 

0.931426, 0, 0, 0.951231, 

0.932477, 0, 0, 0.951231, 

0.933529, 0, 0, 0.951231, 

0.93458, 0, 0, 0.951231, 

0.935631, 0, 0, 0.951231, 

0.936683, 0, 0, 0.951231, 

0.937734, 0, 0, 0.951231, 

0.938785, 0, 0, 0.951231, 

0.939836, 0, 0, 0.951231, 

0.940888, 0, 0, 0.951231, 

0.941939, 0, 0, 0.951231, 

0.94299, 0, 0, 0.951231, 

0.944041, 0, 0, 0.951231, 

0.945093, 0, 0, 0.951231, 

0.946144, 0, 0, 0.951231, 

0.947195, 0, 0, 0.951231, 

0.948247, 0, 0, 0.951231, 

0.949298, 0, 0, 0.951231, 

0.950349, 0, 0, 0.951231, 

0.9514, 0, 0, 0.951231, 

0.952452, 0, 0, 0.951231, 

0.953503, 0, 0, 0.951231, 

0.954554, 0, 0, 0.951231, 

0.955605, 0, 0, 0.951231, 

0.956657, 0, 0, 0.951231, 

0.957708, 0, 0, 0.951231, 

0.958759, 0, 0, 0.951231, 

0.959811, 0, 0, 0.951231, 

0.960862, 0, 0, 0.951231, 

0.961913, 0, 0, 0.951231, 

0.962964, 0, 0, 0.951231, 

0.964016, 0, 0, 0.951231, 

0.965067, 0, 0, 0.951231, 

0.966118, 0, 0, 0.951231, 

0.967169, 0, 0, 0.951231, 

0.968221, 0, 0, 0.951231, 

0.969272, 0, 0, 0.951231, 

0.970323, 0, 0, 0.951231, 

0.971374, 0, 0, 0.951231, 

0.972426, 0, 0, 0.951231, 

0.973477, 0, 0, 0.951231, 

0.974528, 0, 0, 0.951231, 

0.97558, 0, 0, 0.951231, 

0.976631, 0, 0, 0.951231, 

0.977682, 0, 0, 0.951231, 

0.978733, 0, 0, 0.951231, 

0.979785, 0, 0, 0.951231, 

0.980836, 0, 0, 0.951231, 

0.981887, 0, 0, 0.951231, 

0.982938, 0, 0, 0.951231, 

0.98399, 0, 0, 0.951231, 

0.985041, 0, 0, 0.951231, 

0.986092, 0, 0, 0.951231, 

0.987144, 0, 0, 0.951231, 

0.988195, 0, 0, 0.951231, 

0.989246, 0, 0, 0.951231, 

0.990297, 0, 0, 0.951231, 

0.991349, 0, 0, 0.951231, 

0.9924, 0, 0, 0.951231, 

0.993451, 0, 0, 0.951231, 

0.994502, 0, 0, 0.951231, 

0.995554, 0, 0, 0.951231, 

0.996605, 0, 0, 0.951231, 

0.997656, 0, 0, 0.951231, 

0.998708, 0, 0, 0.951231, 

0.999759, 0, 0, 0.951231, 

1.00081, 0, 0, 0.951231, 

1.00186, 0, 0, 0.951231, 

1.00291, 0, 0, 0.951231, 

1.00396, 0, 0, 0.951231, 

1.00502, 0, 0, 0.951231, 

1.00607, 0, 0, 0.951231, 

1.00712, 0, 0, 0.951231, 

1.00817, 0, 0, 0.951231, 

1.00922, 0, 0, 0.951231, 

1.01027, 0, 0, 0.951231, 

1.01132, 0, 0, 0.951231, 

1.01237, 0, 0, 0.951231, 

1.01343, 0, 0, 0.951231, 

1.01448, 0, 0, 0.951231, 

1.01553, 0, 0, 0.951231, 

1.01658, 0, 0, 0.951231, 

1.01763, 0, 0, 0.951231, 

1.01868, 0, 0, 0.951231, 

1.01973, 0, 0, 0.951231, 

1.02078, 0, 0, 0.951231, 

1.02184, 0, 0, 0.951231, 

1.02289, 0, 0, 0.951231, 

1.02394, 0, 0, 0.951231, 

1.02499, 0, 0, 0.951231, 

1.02604, 0, 0, 0.951231, 

1.02709, 0, 0, 0.951231, 

1.02814, 0, 0, 0.951231, 

1.02919, 0, 0, 0.951231, 

1.03025, 0, 0, 0.951231, 

1.0313, 0, 0, 0.951231, 

1.03235, 0, 0, 0.951231, 

1.0334, 0, 0, 0.951231, 

1.03445, 0, 0, 0.951231, 

1.0355, 0, 0, 0.951231, 

1.03655, 0, 0, 0.951231, 

1.0376, 0, 0, 0.951231, 

1.03866, 0, 0, 0.951231, 

1.03971, 0, 0, 0.951231, 

1.04076, 0, 0, 0.951231, 

1.04181, 0, 0, 0.951231, 

1.04286, 0, 0, 0.951231, 

1.04391, 0, 0, 0.951231, 

1.04496, 0, 0, 0.951231, 

1.04601, 0, 0, 0.951231, 

1.04707, 0, 0, 0.951231, 

1.04812, 0, 0, 0.951231, 

1.04917, 0, 0, 0.951231, 

1.05022, 0, 0, 0.951231, 

